{
  "extends": "solhint:recommended",
  "plugins": ["prettier"],
  "rules": {
    "compiler-version": ["error", "^0.8.0"],
    "const-name-snakecase": "off",
    "constructor-syntax": "error",
    "func-visibility": ["error", { "ignoreConstructors": true }],
    "max-line-length": ["error", 120],
    "no-unused-vars": "error",
    "func-name-mixedcase": "error",
    "func-param-name-mixedcase": "error",
    "modifier-name-mixedcase": "error",
    "var-name-mixedcase": "error",
    "prettier/prettier": [
      "error",
      {
        "endOfLine": "auto"
      }
    ],
    "reason-string": ["warn", { "maxLength": 64 }]
  }
}
